0.000000	-12.329408	-12.454549	26.679129
0.000500	-12.331145	-12.449653	26.693499
0.001000	-12.348989	-12.446653	26.680235
0.001500	-12.333198	-12.434495	26.701552
0.002000	-12.342041	-12.444127	26.689709
0.002500	-12.332566	-12.444127	26.690341
0.003000	-12.330514	-12.446180	26.688761
0.003500	-12.343462	-12.447285	26.700131
0.004000	-12.350252	-12.445706	26.688761
0.004500	-12.342357	-12.452496	26.680077
0.005000	-12.328619	-12.444601	26.685919
0.005500	-12.305091	-12.463075	26.697446
0.006000	-12.320408	-12.442390	26.681656
0.006500	-12.312039	-12.459917	26.692709
0.007000	-12.334146	-12.463391	26.691130
0.007500	-12.332251	-12.437179	26.693183
0.008000	-12.326882	-12.445548	26.691446
0.008500	-12.337462	-12.437495	26.721448
0.009000	-12.335409	-12.439232	26.681182
0.009500	-12.350884	-12.429915	26.669497
0.010000	-12.334619	-12.430705	26.685603
0.010500	-12.329724	-12.453917	26.701710
0.011000	-12.334461	-12.443969	26.693025
0.011500	-12.341093	-12.448074	26.689235
0.012000	-12.328777	-12.436232	26.673129
0.012500	-12.334619	-12.453127	26.705184
0.013000	-12.348515	-12.459286	26.691762
0.013500	-12.347883	-12.433073	26.690183
0.014000	-12.343462	-12.440337	26.692709
0.014500	-12.328145	-12.452338	26.693499
0.015000	-12.335567	-12.445864	26.692709
0.015500	-12.338883	-12.450443	26.692709
0.016000	-12.327514	-12.449969	26.693499
0.016500	-12.336988	-12.448232	26.705026
0.017000	-12.347410	-12.453127	26.692551
0.017500	-12.338251	-12.450285	26.685761
0.018000	-12.345515	-12.456759	26.685603
0.018500	-12.341093	-12.463865	26.693657
0.019000	-12.342515	-12.452338	26.674550
0.019500	-12.336988	-12.454549	26.684498
0.020000	-12.346620	-12.443653	26.684498
0.020500	-12.359568	-12.452180	26.693499
0.021000	-12.344094	-12.452338	26.693341
0.021500	-12.349462	-12.461812	26.698236
0.022000	-12.356568	-12.455496	26.713553
0.022500	-12.356568	-12.455022	26.687498
0.023000	-12.354831	-12.439232	26.697920
0.023500	-12.343462	-12.452654	26.685761
0.024000	-12.356884	-12.445864	26.707868
0.024500	-12.346462	-12.438442	26.693025
0.025000	-12.366516	-12.455812	26.697446
0.025500	-12.364148	-12.463865	26.689551
0.026000	-12.364621	-12.464654	26.684182
0.026500	-12.342357	-12.450601	26.690814
0.027000	-12.355621	-12.442232	26.698552
0.027500	-12.365727	-12.450601	26.697130
0.028000	-12.364621	-12.452812	26.726817
0.028500	-12.365253	-12.447759	26.715132
0.029000	-12.360674	-12.445706	26.692393
0.029500	-12.365569	-12.435916	26.679919
0.030000	-12.368727	-12.439705	26.680235
0.030500	-12.356410	-12.445390	26.703447
0.031000	-12.387360	-12.453285	26.699973
0.031500	-12.360200	-12.451548	26.704552
0.032000	-12.361305	-12.455338	26.696815
0.032500	-12.371885	-12.451864	26.682129
0.033000	-12.361937	-12.444127	26.696815
0.033500	-12.353568	-12.440495	26.692867
0.034000	-12.367621	-12.453443	26.691762
0.034500	-12.361621	-12.446495	26.710395
0.035000	-12.341725	-12.460391	26.706447
0.035500	-12.359568	-12.456286	26.690183
0.036000	-12.369674	-12.442232	26.686709
0.036500	-12.373464	-12.446495	26.712131
0.037000	-12.381043	-12.455022	26.702657
0.037500	-12.370148	-12.446811	26.688446
0.038000	-12.350094	-12.470023	26.703605
0.038500	-12.360200	-12.449180	26.699341
0.039000	-12.357516	-12.449496	26.692867
0.039500	-12.363042	-12.447285	26.694762
0.040000	-12.361305	-12.439548	26.687340
0.040500	-12.380570	-12.446653	26.697920
0.041000	-12.369201	-12.455022	26.715290
0.041500	-12.360358	-12.442548	26.707552
0.042000	-12.366674	-12.439548	26.699025
0.042500	-12.351989	-12.435916	26.701868
0.043000	-12.348199	-12.442864	26.692235
0.043500	-12.349778	-12.444127	26.696973
0.044000	-12.345831	-12.446969	26.692867
0.044500	-12.351673	-12.445548	26.693025
0.045000	-12.353094	-12.425810	26.699973
0.045500	-12.344567	-12.448548	26.687025
0.046000	-12.357200	-12.440179	26.702341
0.046500	-12.351515	-12.459759	26.703605
0.047000	-12.340146	-12.455654	26.692235
0.047500	-12.340620	-12.454391	26.705973
0.048000	-12.349936	-12.444285	26.688446
0.048500	-12.344094	-12.447917	26.699815
0.049000	-12.343936	-12.432758	26.699183
0.049500	-12.350726	-12.434495	26.683235
0.050000	-12.330356	-12.451548	26.702341
0.050500	-12.353094	-12.467181	26.681182
0.051000	-12.350726	-12.447443	26.688604
0.051500	-12.331303	-12.451233	26.678024
0.052000	-12.338409	-12.442548	26.697288
0.052500	-12.339672	-12.453601	26.696499
0.053000	-12.329882	-12.444758	26.675813
0.053500	-12.322934	-12.437337	26.692077
0.054000	-12.327356	-12.449811	26.688446
0.054500	-12.327987	-12.454391	26.704552
0.055000	-12.327198	-12.445864	26.695551
0.055500	-12.334619	-12.455654	26.684024
0.056000	-12.333040	-12.441916	26.692551
0.056500	-12.350252	-12.447917	26.695393
0.057000	-12.344725	-12.438600	26.692235
0.057500	-12.319934	-12.462760	26.686709
0.058000	-12.319460	-12.454233	26.688130
0.058500	-12.334146	-12.453601	26.696183
0.059000	-12.325619	-12.449180	26.704236
0.059500	-12.313776	-12.443179	26.694762
0.060000	-12.325619	-12.455180	26.685761
0.060500	-12.334777	-12.454391	26.690025
0.061000	-12.337619	-12.456128	26.700289
0.061500	-12.324671	-12.446022	26.709921
0.062000	-12.331145	-12.448074	26.701710
0.062500	-12.330356	-12.455022	26.688130
0.063000	-12.338567	-12.442390	26.696499
0.063500	-12.350568	-12.445390	26.686551
0.064000	-12.336198	-12.466865	26.690814
0.064500	-12.335567	-12.454864	26.707236
0.065000	-12.340146	-12.452812	26.693657
0.065500	-12.351831	-12.466076	26.690972
0.066000	-12.343462	-12.453127	26.695393
0.066500	-12.342515	-12.454706	26.706763
0.067000	-12.351673	-12.467181	26.698867
0.067500	-12.345988	-12.453127	26.689235
0.068000	-12.350094	-12.455338	26.696657
0.068500	-12.356094	-12.438600	26.689551
0.069000	-12.357516	-12.450285	26.690972
0.069500	-12.358937	-12.444916	26.687025
0.070000	-12.352463	-12.442864	26.678971
0.070500	-12.351989	-12.464497	26.691604
0.071000	-12.351357	-12.452812	26.696657
0.071500	-12.353094	-12.445074	26.696499
0.072000	-12.358779	-12.458496	26.693341
0.072500	-12.360200	-12.453917	26.700131
0.073000	-12.353094	-12.447759	26.705499
0.073500	-12.351515	-12.457391	26.687814
0.074000	-12.361937	-12.451233	26.696973
0.074500	-12.367779	-12.464023	26.694446
0.075000	-12.373780	-12.460391	26.700604
0.075500	-12.359253	-12.453759	26.694446
0.076000	-12.357989	-12.448232	26.682603
0.076500	-12.366516	-12.458496	26.702026
0.077000	-12.362095	-12.457865	26.710395
0.077500	-12.361937	-12.447285	26.683551
0.078000	-12.355621	-12.465918	26.700762
0.078500	-12.368411	-12.469865	26.690814
0.079000	-12.364148	-12.457549	26.700289
0.079500	-12.350884	-12.455180	26.688919
0.080000	-12.369990	-12.452180	26.708815
0.080500	-12.366042	-12.456286	26.690498
0.081000	-12.369516	-12.451548	26.714342
0.081500	-12.357989	-12.442232	26.700762
0.082000	-12.363990	-12.434810	26.707710
0.082500	-12.358305	-12.439705	26.705499
0.083000	-12.366674	-12.441127	26.705184
0.083500	-12.362726	-12.440179	26.708658
0.084000	-12.356726	-12.445232	26.691762
0.084500	-12.358305	-12.456917	26.707078
0.085000	-12.360674	-12.430863	26.705815
0.085500	-12.364148	-12.435126	26.694604
0.086000	-12.354515	-12.442864	26.699499
0.086500	-12.365885	-12.454233	26.708342
0.087000	-12.368885	-12.438284	26.659391
0.087500	-12.357516	-12.441127	26.552805
0.088000	-12.352778	-12.445548	26.593387
0.088500	-12.350410	-12.445548	26.609177
0.089000	-12.290564	-12.425652	26.697130
0.089500	-12.245245	-12.396913	26.687814
0.090000	-12.297038	-12.360279	26.698394
0.090500	-12.348989	-12.348752	26.595597
0.091000	-12.295459	-12.468286	26.616125
0.091500	-12.260877	-12.356805	26.611546
0.092000	-12.283142	-12.380017	26.675024
0.092500	-12.329566	-12.286221	26.635389
0.093000	-12.323250	-12.206005	26.533383
0.093500	-12.349147	-12.577715	26.514592
0.094000	-12.373938	-11.384424	26.488695
0.094500	-12.361147	-11.811716	26.590229
0.095000	-12.343936	-11.698498	26.579017
0.095500	-12.311249	-11.593964	25.678799
0.096000	-12.336514	-11.656495	22.003869
0.096500	-12.348041	-11.465113	18.746598
0.097000	-12.317723	-11.134460	15.339002
0.097500	-12.201821	-11.263784	12.669297
0.098000	-12.181609	-11.276416	10.505362
0.098500	-12.212874	-11.066560	8.517019
0.099000	-12.217453	-11.006240	6.772797
0.099500	-12.224401	-10.886074	5.351175
0.100000	-12.245876	-10.745854	4.127724
0.100500	-11.896432	-10.527629	2.996017
0.101000	-10.984528	-10.440308	2.140644
0.101500	-9.900666	-10.370671	1.410332
0.102000	-8.823120	-10.324247	0.583065
0.102500	-8.266661	-10.181501	-0.202356
0.103000	-7.630144	-10.169342	-0.768762
0.103500	-7.067843	-9.874375	-1.329642
0.104000	-6.051880	-9.802370	-1.902523
0.104500	-5.017442	-9.471084	-2.382555
0.105000	-3.931369	-9.680467	-2.855008
0.105500	-2.255678	-9.398922	-3.298880
0.106000	-1.244294	-9.217646	-3.660956
0.106500	-0.433608	-9.250648	-3.937765
0.107000	0.324969	-9.148010	-4.237311
0.107500	0.749261	-8.918731	-4.563070
0.108000	1.242399	-8.651240	-4.857405
0.108500	2.152092	-8.407434	-5.104527
0.109000	2.588226	-8.458595	-5.262117
0.109500	3.084997	-8.451963	-5.432339
0.110000	3.250008	-8.295321	-5.622299
0.110500	3.388491	-8.264845	-5.769782
0.111000	3.577345	-8.110414	-5.924688
0.111500	4.355503	-7.793971	-6.036011
0.112000	4.580360	-7.908926	-6.116543
0.112500	4.970544	-7.761127	-6.157756
0.113000	5.491316	-7.708387	-6.281554
0.113500	6.174098	-7.886978	-6.444670
0.114000	6.418378	-7.909874	-6.558362
0.114500	6.633287	-7.891083	-6.655789
0.115000	7.277067	-7.930560	-6.705214
0.115500	7.663935	-7.835658	-6.798378
0.116000	7.892424	-7.941771	-6.956599
0.116500	7.724255	-8.011091	-7.083871
0.117000	8.386194	-8.013776	-7.186667
0.117500	10.897520	-8.047410	-7.296411
0.118000	11.335550	-8.086096	-7.392892
0.118500	10.451438	-8.124309	-7.522848
0.119000	10.308060	-8.183840	-7.753074
0.119500	10.412119	-8.230422	-8.020250
0.120000	10.613607	-8.269582	-8.176260
0.120500	10.713245	-8.385959	-8.291531
0.121000	10.849201	-8.251265	-8.384064
0.121500	10.942050	-8.302742	-8.553338
0.122000	10.494072	-8.178471	-8.793039
0.122500	9.963984	-8.317743	-8.940364
0.123000	9.500058	-8.396538	-9.044108
0.123500	9.356996	-8.471385	-9.120534
0.124000	9.008341	-8.595657	-9.023738
0.124500	8.596208	-8.671609	-9.031634
0.125000	7.813629	-8.766668	-9.154010
0.125500	7.371652	-8.746299	-9.196960
0.126000	6.926202	-8.895835	-9.260912
0.126500	6.505226	-8.884624	-9.307968
0.127000	5.995192	-8.958208	-9.297704
0.127500	5.625220	-8.934838	-9.354866
0.128000	5.252721	-9.016001	-9.463821
0.128500	4.987440	-9.048214	-9.499349
0.129000	4.455299	-9.072689	-9.474242
0.129500	4.334344	-9.177222	-9.472190
0.130000	3.975425	-9.190960	-9.489243
0.130500	3.525395	-9.226963	-9.533141
0.131000	3.260114	-9.228542	-9.559985
0.131500	3.051047	-5.858841	-9.628042
0.132000	2.682496	-5.059366	-9.643675
0.132500	2.469955	-3.397886	-9.623779
0.133000	2.152408	-2.194490	-9.617147
0.133500	1.828228	-1.379698	-9.704310
0.134000	1.628004	-0.922878	-9.796369
0.134500	1.308719	-0.514219	-9.818002
0.135000	1.147656	-0.374315	-9.853847
0.135500	0.896587	-0.317784	-9.881638
0.136000	0.640938	-0.355840	-9.895218
0.136500	0.408975	-0.371630	-9.958064
0.137000	0.053372	-0.470163	-9.997225
0.137500	-0.089848	-0.565064	-10.013963
0.138000	-0.240016	-0.805870	-9.983329
0.138500	-0.470558	-0.909140	-10.014437
0.139000	-0.595777	-1.079046	-10.022806
0.139500	-0.847478	-1.203002	-10.062124
0.140000	-1.005699	-1.303114	-10.103179
0.140500	-1.131550	-1.498759	-10.109811
0.141000	-1.283455	-1.588291	-10.055808
0.141500	-1.520155	-1.742249	-10.096074
0.142000	-1.663059	-1.868099	-10.142656
0.142500	-1.765224	-2.008319	-10.212924
0.143000	-2.061928	-2.108115	-10.221293
0.143500	-2.149092	-2.249756	-10.256821
0.144000	-2.346947	-2.408293	-10.245610
0.144500	-2.424479	-2.516143	-10.238346
0.145000	-2.667021	-2.671364	-10.269612
0.145500	-2.707761	-2.760106	-10.279560
0.146000	-2.906722	-2.882167	-10.313194
0.146500	-2.997517	-2.999333	-10.312878
0.147000	-3.102050	-3.101814	-10.293771
0.147500	-3.300380	-3.225927	-10.276717
0.148000	-3.371753	-3.318618	-10.323300
0.148500	-3.516552	-3.417151	-10.347459
0.149000	-3.615085	-3.547896	-10.344617
0.149500	-3.721197	-3.599373	-10.332300
0.150000	-3.809151	-3.770543	-10.328826
0.150500	-3.844206	-3.828336	-10.364355
0.151000	-4.048061	-3.966503	-10.387251
0.151500	-4.183860	-4.112566	-10.443939
0.152000	-4.232337	-4.218994	-10.451045
0.152500	-4.322817	-4.300947	-10.460677
0.153000	-4.409191	-4.419376	-10.437939
0.153500	-4.539779	-4.521225	-10.466835
0.154000	-2.893773	-4.630653	-1.539499
0.154500	-2.280311	-4.760925	7.274935
0.155000	-4.258865	-4.807981	7.448947
0.155500	-4.906909	-4.914251	7.191877
0.156000	-4.931068	-4.998415	6.886330
0.156500	-4.945595	-5.113054	6.168651
0.157000	-4.941490	-5.222956	6.213970
0.157500	-5.052971	-5.288013	5.878579
0.158000	-5.067025	-5.388915	5.338069
0.158500	-5.069709	-5.450340	5.050365
0.159000	-5.211982	-5.528187	4.798506
0.159500	-5.321410	-5.625931	4.488854
0.160000	-5.399258	-5.693672	4.214099
0.160500	-5.406995	-5.782415	3.999347
0.161000	-5.443471	-5.839577	3.806387
0.161500	-5.511686	-5.931162	3.546159
0.162000	-5.594271	-5.973480	3.282299
0.162500	-5.653959	-6.021484	3.049547
0.163000	-5.708278	-6.123964	2.883115
0.163500	-5.754860	-6.131860	2.643256
0.164000	-5.813285	-6.231024	2.515353
0.164500	-5.815970	-6.273185	2.306128
0.165000	-5.873289	-6.307924	2.112537
0.165500	-5.926188	-6.385613	1.944525
0.166000	-5.929820	-6.404720	1.796252
0.166500	-5.940557	-6.465829	1.618767
0.167000	-6.012878	-6.511622	1.484547
0.167500	-6.084409	-6.580784	1.374171
0.168000	-6.171888	-6.584890	1.134471
0.168500	-6.232682	-6.652316	0.971197
0.169000	-6.272000	-6.688792	0.794027
0.169500	-6.331373	-6.715320	0.700863
0.170000	-6.396588	-6.739479	0.547695
0.170500	-6.448854	-6.802326	0.413475
0.171000	-6.534123	-6.845434	0.239463
0.171500	-6.612602	-6.893595	0.093875
0.172000	-6.664395	-6.925650	-0.050609
0.172500	-6.666290	-6.943019	-0.116929
0.173000	-6.689029	-6.960073	-0.236937
0.173500	-6.743506	-6.980285	-0.373209
0.174000	-6.786614	-7.042342	-0.506323
0.174500	-6.826722	-7.048500	-0.630753
0.175000	-6.876146	-7.077081	-0.869506
0.175500	-6.944835	-7.087661	-0.904561
0.176000	-6.983680	-7.131400	-0.879138
0.176500	-7.066738	-7.075976	-1.014621
0.177000	-7.127216	-7.081976	-1.209002
0.177500	-7.215169	-7.135664	-1.407173
0.178000	-7.270910	-7.134716	-1.478231
0.178500	-7.283700	-7.239724	-1.521971
0.179000	-7.326492	-7.214932	-1.615924
0.179500	-7.400392	-7.291674	-1.790252
0.180000	-7.465449	-7.293096	-1.922261
0.180500	-7.491977	-7.364153	-1.970896
0.181000	-7.513137	-7.384049	-1.986528
0.181500	-7.520716	-7.427473	-2.078745
0.182000	-7.514716	-6.336031	-2.186436
0.182500	-7.546928	-4.546490	-2.332972
0.183000	-7.512347	-3.784754	-2.439085
0.183500	-7.574246	-3.263667	-2.472877
0.184000	-7.602669	-3.004702	-2.543934
0.184500	-7.642619	-2.963015	-2.619887
0.185000	-7.672147	-2.980227	-2.754896
0.185500	-7.721256	-3.042125	-2.827532
0.186000	-7.780312	-3.122815	-2.929381
0.186500	-7.770364	-3.135290	-3.036915
0.187000	-7.798472	-3.201926	-3.126289
0.187500	-7.834316	-3.258140	-3.198610
0.188000	-7.863055	-3.356199	-3.301090
0.188500	-7.886109	-3.416203	-3.403887
0.189000	-7.904110	-3.500683	-3.486471
0.189500	-7.896057	-3.576161	-3.535106
0.190000	-7.901742	-3.641376	-3.574109
0.190500	-7.894952	-3.715592	-3.629691
0.191000	-7.904426	-3.794229	-3.723329
0.191500	-7.925428	-3.853601	-3.786018
0.192000	-7.952745	-3.917869	-3.828178
0.192500	-7.978642	-4.007717	-3.899867
0.193000	-7.982905	-4.070721	-3.939659
0.193500	-8.018592	-4.122514	-4.012138
0.194000	-8.061542	-4.207625	-4.118724
0.194500	-8.090912	-4.244417	-4.213783
0.195000	-8.104018	-4.336002	-4.271261
0.195500	-8.028698	-4.383531	-4.324317
0.196000	-7.943902	-4.468169	-4.364741
0.196500	-5.752650	-4.520593	-4.413533
0.197000	-2.688496	-4.613284	-4.482222
0.197500	-0.459505	-4.691605	-4.562912
0.198000	-0.060478	-4.733608	-4.606810
0.198500	-0.102796	-4.829456	-4.656550
0.199000	-0.179854	-4.871933	-4.689868
0.199500	-0.074373	-4.910935	-4.714659
0.200000	-0.077374	-4.974097	-4.744977
0.200500	-0.093480	-5.013890	-4.772294
0.201000	-0.105481	-5.095527	-4.827719
0.201500	-0.143062	-5.140056	-4.866406
0.202000	-0.175275	-5.180164	-4.928305
0.202500	-0.219488	-5.248221	-4.969992
0.203000	-0.240174	-5.269696	-5.053997
0.203500	-0.316284	-5.344701	-5.080683
0.204000	-0.377236	-5.385915	-5.138951
0.204500	-0.437082	-5.422233	-5.181427
0.205000	-0.443556	-5.455235	-5.227693
0.205500	-0.499139	-5.496290	-5.280118
0.206000	-0.515877	-5.561979	-5.301119
0.206500	-0.603356	-5.584875	-5.296224
0.207000	-0.611409	-5.663986	-5.297014
0.207500	-0.616778	-5.681198	-5.330963
0.208000	-0.697310	-5.737412	-5.356544
0.208500	-0.788263	-5.742781	-5.408495
0.209000	-0.840372	-5.791731	-5.431391
0.209500	-0.847952	-5.849841	-5.470868
0.210000	-0.922483	-5.871631	-5.498975
0.210500	-1.018332	-5.924530	-5.579033
0.211000	-1.089863	-5.961480	-5.629405
0.211500	-1.144814	-5.986902	-5.738043
0.212000	-1.223293	-6.042011	-5.758571
0.212500	-1.291508	-6.089541	-5.807522
0.213000	-1.424780	-6.114016	-5.822365
0.213500	-1.479573	-6.155861	-5.861210
0.214000	-1.391936	-6.202443	-5.897686
0.214500	-1.546051	-6.235919	-5.979955
0.215000	-1.546999	-6.279659	-5.970480
0.215500	-1.559789	-4.288630	-5.976796
0.216000	-1.648532	-3.266193	-5.994008
0.216500	-1.692745	-2.798635	-6.044064
0.217000	-1.738064	-2.697892	-6.031274
0.217500	-1.776909	-2.559567	-6.065855
0.218000	-1.837229	-2.564304	-6.128701
0.218500	-1.919655	-2.564935	-6.179389
0.219000	-1.975238	-2.600622	-6.243025
0.219500	-2.051190	-2.617360	-6.280290
0.220000	-2.108668	-2.652415	-6.324346
0.220500	-2.208780	-2.686680	-6.384192
0.221000	-2.286785	-2.721578	-6.432669
0.221500	-2.327525	-2.764528	-6.475777
0.222000	-2.391634	-2.823269	-6.523465
0.222500	-2.469797	-2.831638	-6.579679
0.223000	-2.501694	-2.890220	-6.605733
0.223500	-2.534381	-2.950698	-6.639841
0.224000	-2.547645	-2.992859	-6.652789
0.224500	-2.584753	-3.017018	-6.658632
0.225000	-2.642546	-3.062811	-6.713741
0.225500	-2.685654	-3.112551	-6.729373
0.226000	-2.727025	-3.148238	-6.769639
0.226500	-2.784977	-3.200347	-6.808326
0.227000	-2.843875	-3.226717	-6.818274
0.227500	-2.891089	-3.273141	-6.868804
0.228000	-2.964673	-3.315775	-6.937966
0.228500	-3.045362	-3.362515	-6.995760
0.229000	-3.126842	-3.381622	-7.038236
0.229500	-3.181003	-3.418256	-7.046289
0.230000	-3.245113	-3.439257	-7.080397
0.230500	-3.303696	-3.499735	-7.128558
0.231000	-3.355015	-3.525158	-7.151454
0.231500	-3.402544	-3.578372	-7.195194
0.232000	-3.437441	-3.615322	-7.212248
0.232500	-3.484024	-3.650219	-7.222986
0.233000	-3.489077	-3.700433	-7.216985
0.233500	-3.547344	-3.738172	-7.237355
0.234000	-3.569135	-3.777491	-7.285200
0.234500	-3.584451	-3.815704	-7.323413
0.235000	-3.656140	-3.842706	-7.348204
0.235500	-3.687248	-3.884550	-7.368258
0.236000	-3.722303	-3.915500	-7.399682
0.236500	-3.792886	-3.981031	-7.413577
0.237000	-3.880524	-4.007875	-7.463949
0.237500	-3.939423	-4.044824	-7.483214
0.238000	-3.976372	-4.077985	-7.530585
0.238500	-4.014428	-4.150147	-7.553639
0.239000	-4.063220	-4.166412	-7.566272
0.239500	-4.099539	-4.207151	-7.587747
0.240000	-4.136804	-4.235258	-7.600537
0.240500	-4.139173	-4.290999	-7.619328
0.241000	-3.268483	-4.318159	-2.221965
0.241500	-3.776938	-4.356687	2.422347
0.242000	-4.278761	-4.373583	-0.148826
0.242500	-4.269761	-4.432008	-0.197934
0.243000	-4.321396	-4.464537	-0.572960
0.243500	-4.366872	-4.539700	-0.818818
0.244000	-4.407770	-4.548858	-0.987777
0.244500	-4.431298	-4.592282	-1.029622
0.245000	-4.465247	-4.614705	-0.974197
0.245500	-4.505513	-4.656708	-1.016831
0.246000	-4.577044	-4.700447	-1.230951
0.246500	-4.620468	-4.740713	-1.343222
0.247000	-4.655050	-4.782085	-1.279744
0.247500	-4.692157	-4.824719	-1.253058
0.248000	-4.711580	-4.855668	-1.317483
0.248500	-4.727528	-4.892145	-1.426280
0.249000	-4.756267	-4.906672	-1.509970
0.249500	-4.789901	-4.959570	-1.509180
0.250000	-4.804428	-4.997625	-1.468441
0.250500	-4.824956	-5.032522	-1.493074
0.251000	-4.840273	-5.087316	-1.580869
0.251500	-4.843431	-5.102948	-1.651295
0.252000	-4.870433	-5.130108	-1.698667
0.252500	-4.899803	-5.175427	-1.705299
0.253000	-4.928384	-5.223114	-1.702772
0.253500	-4.960596	-5.206218	-1.787410
0.254000	-5.015390	-5.267328	-1.875521
0.254500	-5.076025	-5.281855	-1.927787
0.255000	-5.116607	-5.315963	-1.958737
0.255500	-5.140609	-5.358281	-2.013372
0.256000	-5.161294	-5.390494	-2.087272
0.256500	-5.193823	-5.408495	-2.132275
0.257000	-5.218930	-5.477342	-2.170014
0.257500	-5.256195	-5.491869	-2.198437
0.258000	-5.267407	-5.506238	-2.262389
0.258500	-5.271986	-5.543978	-2.281495
0.259000	-5.291566	-5.577770	-2.332499
0.259500	-5.315568	-5.605719	-2.332025
0.260000	-5.317620	-5.634616	-2.360764
0.260500	-5.347938	-5.668249	-2.417610
0.261000	-5.352044	-5.691146	-2.580568
0.261500	-5.404311	-5.711358	-2.561462
0.262000	-5.449156	-5.721306	-2.587990
0.262500	-5.475210	-5.741044	-2.601885
0.263000	-5.511686	-5.771046	-2.668837
0.263500	-5.538846	-5.810680	-2.757106
0.264000	-5.580217	-5.825207	-2.802899
0.264500	-5.614956	-5.839419	-2.816479
0.265000	-5.617009	-5.877474	-2.855797
0.265500	-5.648116	-5.895791	-2.907116
0.266000	-5.667539	-5.919003	-2.952751
0.266500	-5.680329	-5.941268	-2.999175
0.267000	-5.698488	-5.960532	-2.997596
0.267500	-5.721384	-5.985639	-3.043862
0.268000	-5.737491	-5.988166	-3.072917
0.268500	-5.759598	-6.017536	-3.117920
0.269000	-5.770651	-4.438798	-3.170187
0.269500	-5.811075	-3.761858	-3.212821
0.270000	-5.845340	-3.537317	-3.281510
0.270500	-5.861131	-3.557371	-3.311512
0.271000	-5.957769	-3.502262	-3.373727
0.271500	-5.910081	-3.562266	-3.407360
0.272000	-5.959506	-3.564161	-3.476997
0.272500	-6.000561	-3.591636	-3.524842
0.273000	-6.027721	-3.614059	-3.584846
0.273500	-6.058197	-3.653535	-3.609637
0.274000	-6.073198	-3.679905	-3.649903
0.274500	-6.091199	-3.711170	-3.677537
0.275000	-6.101305	-3.734067	-3.699012
0.275500	-6.130675	-3.778122	-3.749541
0.276000	-6.136044	-3.799124	-3.772438
0.276500	-6.137465	-3.836863	-3.768174
0.277000	-6.145518	-3.866233	-3.795018
0.277500	-6.161783	-3.891498	-3.837179
0.278000	-6.210733	-3.914868	-3.887235
0.278500	-6.223050	-3.943765	-3.905868
0.279000	-6.256684	-3.988452	-3.942502
0.279500	-6.291897	-4.004243	-3.986873
0.280000	-6.316214	-4.053509	-4.020507
0.280500	-6.359164	-4.062984	-4.077827
0.281000	-6.380166	-4.098986	-4.119514
0.281500	-6.396114	-4.109250	-4.164990
0.282000	-6.420274	-4.159464	-4.181570
0.282500	-6.426748	-4.193098	-4.214099
0.283000	-6.447591	-4.223889	-4.247575
0.283500	-6.453276	-4.263050	-4.277103
0.284000	-6.470014	-4.284051	-4.296841
0.284500	-6.226840	-4.323054	-4.336949
0.285000	-4.469985	-4.360793	-4.363004
0.285500	-2.810241	-4.434535	-4.392216
0.286000	-1.985502	-4.463747	-4.404375
0.286500	-1.964027	-4.459958	-4.423324
0.287000	-2.011398	-4.522330	-4.476380
0.287500	-2.053559	-4.527699	-4.491223
0.288000	-2.054349	-4.576018	-4.522804
0.288500	-2.067613	-4.610599	-4.547595
0.289000	-2.066349	-4.642338	-4.577281
0.289500	-2.096667	-4.655287	-4.609336
0.290000	-2.144828	-4.696974	-4.652918
0.290500	-2.147355	-4.725081	-4.679762
0.291000	-2.150671	-4.725081	-4.693973
0.291500	-2.144512	-4.761557	-4.716238
0.292000	-2.162040	-4.807349	-4.732186
0.292500	-2.193463	-4.824087	-4.767241
0.293000	-2.197884	-4.884565	-4.788243
0.293500	-2.217781	-4.892618	-4.795191
0.294000	-2.231360	-4.930042	-4.803402
0.294500	-2.223307	-4.949464	-4.829298
0.295000	-2.240203	-4.989098	-4.852194
0.295500	-2.258994	-5.034259	-4.887881
0.296000	-2.294049	-5.060314	-4.913304
0.296500	-2.320103	-5.100106	-4.913304
0.297000	-2.358790	-5.128213	-4.938411
0.297500	-2.404898	-5.148741	-4.988151
0.298000	-2.425426	-5.179848	-5.029364
0.298500	-2.447059	-5.195797	-5.012310
0.299000	-2.471219	-5.236694	-5.066630
0.299500	-2.512906	-5.266854	-5.095685
0.300000	-2.519696	-5.300172	-5.094263
0.300500	-2.557277	-5.330964	-5.104369
0.301000	-2.624387	-5.335227	-5.132003
0.301500	-2.651862	-5.375335	-5.170690
0.302000	-2.594385	-5.402968	-5.190586
0.302500	-2.642546	-5.431391	-5.190270
0.303000	-2.655020	-3.949923	-5.223746
0.303500	-2.690865	-3.251192	-5.256590
0.304000	-2.699076	-3.252613	-5.282329
0.304500	-2.745026	-3.279615	-5.297961
0.305000	-2.793819	-3.293511	-5.312489
0.305500	-2.817505	-3.337408	-5.354649
0.306000	-2.850349	-3.291774	-5.388125
0.306500	-2.892352	-3.299669	-5.413232
0.307000	-2.926460	-3.263509	-5.439602
0.307500	-2.961041	-3.346409	-5.477026
0.308000	-2.977305	-3.339461	-5.506238
0.308500	-2.999886	-3.402939	-5.531977
0.309000	-3.038099	-3.406887	-5.525345
0.309500	-3.082786	-3.435468	-5.540978
0.310000	-3.092102	-3.450942	-5.559768
0.310500	-3.113262	-3.432467	-5.594034
0.311000	-3.137737	-3.480313	-5.592139
0.311500	-3.159370	-3.500998	-5.618983
0.312000	-3.185267	-3.534948	-5.634142
0.312500	-3.231217	-3.556423	-5.660670
0.313000	-3.257429	-3.573793	-5.695883
0.313500	-3.304643	-3.599373	-5.707410
0.314000	-3.331645	-3.621322	-5.744833
0.314500	-3.364331	-3.609953	-5.773572
0.315000	-3.412177	-3.651008	-5.807206
0.315500	-3.445179	-3.679589	-5.844314
0.316000	-3.458601	-3.711170	-5.879685
0.316500	-3.518131	-3.719066	-5.900212
0.317000	-3.541027	-3.762016	-5.907634
0.317500	-3.565503	-3.763595	-5.938267
0.318000	-3.570871	-3.805756	-5.959585
0.318500	-3.587767	-3.800545	-5.981060
0.319000	-3.601031	-3.833863	-6.011851
0.319500	-3.689616	-3.859286	-6.017062
0.320000	-3.609400	-3.892130	-6.004588
0.320500	-3.713618	-3.896867	-6.026063
0.321000	-3.704144	-3.938238	-6.059223
0.321500	-3.714565	-3.933975	-6.107068
0.322000	-3.762253	-3.972977	-6.149071
0.322500	-3.776148	-4.000453	-6.156966
0.323000	-3.824941	-4.028876	-6.177494
0.323500	-3.859207	-4.054772	-6.206865
0.324000	-3.876892	-4.065510	-6.244762
0.324500	-3.897104	-4.098039	-6.279185
0.325000	-3.935633	-4.101986	-6.304924
0.325500	-3.969425	-4.153147	-6.309977
0.326000	-3.996426	-4.159148	-6.333189
0.326500	-4.015217	-4.179676	-6.340610
0.327000	-4.029902	-4.201940	-6.355769
0.327500	-4.040324	-4.214415	-6.369823
0.328000	-4.060694	-4.271577	-6.398088
0.328500	-4.075853	-4.257365	-6.366823
0.329000	-3.681089	-4.321948	-0.374630
0.329500	-4.154490	-4.334265	-1.091363
0.330000	-4.146910	-4.361425	-1.833992
0.330500	-4.199493	-4.381637	-2.343236
0.331000	-4.227916	-4.423008	-2.335815
0.331500	-4.250496	-4.425218	-2.197174
0.332000	-4.286183	-4.459642	-2.392819
0.332500	-4.278287	-4.463432	-2.501931
0.333000	-4.324554	-4.506540	-2.547724
0.333500	-4.358819	-4.519962	-2.503826
0.334000	-4.361977	-4.558648	-2.479509
0.334500	-4.392927	-4.560859	-2.467824
0.335000	-4.416455	-4.597177	-2.552303
0.335500	-4.423087	-4.627653	-2.591306
0.336000	-4.443456	-4.641233	-2.548987
0.336500	-4.448825	-4.664603	-2.540618
0.337000	-4.481985	-4.675341	-2.558777
0.337500	-4.492565	-4.721449	-2.620044
0.338000	-4.525409	-4.716712	-2.647836
0.338500	-4.543568	-4.810823	-2.646730
0.339000	-4.549253	-4.751767	-2.659047
0.339500	-4.602783	-4.783032	-2.663468
0.340000	-4.599309	-4.798507	-2.726315
0.340500	-4.611626	-4.821561	-2.794846
0.341000	-4.619363	-4.856932	-2.782055
0.341500	-4.657418	-4.833877	-2.810794
0.342000	-4.672103	-4.915357	-2.867798
0.342500	-4.706527	-4.889618	-2.849639
0.343000	-4.726265	-4.940622	-2.889747
0.343500	-4.752951	-4.948043	-2.909327
0.344000	-4.745056	-4.994467	-2.927644
0.344500	-4.746635	-5.015153	-2.919907
0.345000	-4.778847	-5.021627	-2.944224
0.345500	-4.779637	-5.046102	-2.994280
0.346000	-4.817692	-5.063946	-3.006123
0.346500	-4.828746	-5.100895	-3.025545
0.347000	-4.847220	-5.102159	-3.034704
0.347500	-4.866801	-5.132792	-3.069601
0.348000	-4.890960	-5.148109	-3.093760
0.348500	-4.896645	-5.151109	-3.186135
0.349000	-4.919067	-5.192481	-3.152975
0.349500	-4.955386	-5.186796	-3.203031
0.350000	-4.978756	-5.208745	-3.218032
0.350500	-4.995809	-5.214271	-3.225769
0.351000	-5.017758	-5.248221	-3.256719
0.351500	-5.041444	-5.251853	-3.289089
0.352000	-5.061498	-5.277592	-3.323829
0.352500	-5.068130	-5.301277	-3.346883
0.353000	-5.083921	-5.289277	-3.359357
0.353500	-5.086289	-5.339175	-3.395044
0.354000	-5.099553	-5.316120	-3.409729
0.354500	-5.137766	-5.378493	-3.443837
0.355000	-5.137135	-5.368387	-3.480471
0.355500	-5.141082	-5.402968	-3.494840
0.356000	-5.188296	-5.236378	-3.525316
0.356500	-5.203929	-4.163411	-3.564003
0.357000	-5.175979	-3.618954	-3.586109
0.357500	-5.200613	-3.726014	-3.632376
0.358000	-5.228404	-3.752857	-3.660009
0.358500	-5.228404	-3.807493	-3.685432
0.359000	-5.265985	-3.811440	-3.707065
0.359500	-5.276407	-3.818230	-3.730435
0.360000	-5.292040	-3.843653	-3.754121
0.360500	-5.327884	-3.851075	-3.775596
0.361000	-5.333411	-3.816967	-3.800545
0.361500	-5.354728	-3.835600	-3.843021
0.362000	-5.377309	-3.891498	-3.837495
0.362500	-5.387730	-3.910447	-3.867023
0.363000	-5.409521	-3.935396	-3.887235
0.363500	-5.414732	-3.951660	-3.901131
0.364000	-5.440155	-3.960187	-3.913289
0.364500	-5.440787	-3.954345	-3.924816
0.365000	-5.469525	-3.979452	-3.981031
0.365500	-5.500001	-4.020981	-3.981504
0.366000	-5.513423	-4.037087	-4.018770
0.366500	-5.533635	-4.071826	-4.032350
0.367000	-5.552110	-4.093459	-4.059036
0.367500	-5.559689	-4.082248	-4.089827
0.368000	-5.572164	-4.094723	-4.111303
0.368500	-5.583691	-4.109092	-4.134199
0.369000	-5.602640	-4.145410	-4.158832
0.369500	-5.620325	-4.182044	-4.169885
0.370000	-5.637695	-4.195150	-4.209046
0.370500	-5.636116	-4.216783	-4.200677
0.371000	-5.657749	-4.235100	-4.240469
0.371500	-5.664381	-4.258312	-4.269208
0.372000	-5.680803	-4.279630	-4.291946
0.372500	-5.092763	-4.284998	-4.317053
0.373000	-3.002570	-4.326054	-4.313579
0.373500	-2.620281	-4.367899	-4.360951
0.374000	-2.560277	-4.376268	-4.376426
0.374500	-2.721341	-4.385268	-4.395848
0.375000	-2.731605	-4.401059	-4.406743
0.375500	-2.712182	-4.404375	-4.446536
0.376000	-2.754343	-4.455852	-4.446694
0.376500	-2.678233	-4.459800	-4.457905
0.377000	-2.707919	-4.509856	-4.459958
0.377500	-2.737605	-4.501487	-4.481906
0.378000	-2.715024	-4.525330	-4.520119
0.378500	-2.732236	-4.541437	-4.524857
0.379000	-2.734921	-4.571123	-4.530541
0.379500	-2.739026	-4.592440	-4.539542
0.380000	-2.764291	-4.623232	-4.572702
0.380500	-2.768239	-4.653392	-4.583913
0.381000	-2.796504	-4.673288	-4.608704
0.381500	-2.791609	-4.680078	-4.631916
0.382000	-2.810241	-4.696026	-4.659076
0.382500	-2.829822	-4.717817	-4.666024
0.383000	-2.848139	-4.757925	-4.694131
0.383500	-2.840875	-4.780032	-4.702026
0.384000	-2.866614	-4.805612	-4.718607
0.384500	-2.898353	-4.819350	-4.779558
0.385000	-2.911143	-4.843036	-4.724765
0.385500	-2.913038	-4.845562	-4.752714
0.386000	-2.940829	-4.888355	-4.790927
0.386500	-2.964831	-4.881407	-4.793612
0.387000	-2.965462	-4.901145	-4.813823
0.387500	-2.964989	-4.936990	-4.800401
0.388000	-2.995622	-4.940937	-4.857090
0.388500	-3.012676	-4.997941	-4.849510
0.389000	-3.040152	-5.007258	-4.876196
0.389500	-3.080417	-5.003626	-4.873985
0.390000	-3.107893	-5.020206	-4.906198
0.390500	-3.052468	-3.978820	-4.924673
0.391000	-3.105051	-3.485208	-4.954517
0.391500	-3.117209	-3.572530	-4.955938
0.392000	-3.135211	-3.589425	-4.974255
0.392500	-3.153370	-3.569056	-4.990520
0.393000	-3.178161	-3.563371	-5.013416
0.393500	-3.201531	-3.556107	-5.038996
0.394000	-3.201689	-3.574266	-5.048471
0.394500	-3.225217	-3.575846	-5.062366
0.395000	-3.257271	-3.634744	-5.100580
0.395500	-3.260587	-3.627796	-5.115265
0.396000	-3.298327	-3.666325	-5.125687
0.396500	-3.306380	-3.653851	-5.131529
0.397000	-3.322960	-3.676905	-5.147004
0.397500	-3.353594	-3.678484	-5.156952
0.398000	-3.394491	-3.694432	-5.192638
0.398500	-3.400176	-3.712592	-5.229904
0.399000	-3.419124	-3.739909	-5.213482
0.399500	-3.436810	-3.748278	-5.248537
0.400000	-3.448653	-3.735172	-5.268907
0.400500	-3.488761	-3.769595	-5.275697
0.401000	-3.512289	-3.786175	-5.283592
0.401500	-3.528711	-3.802124	-5.315962
0.402000	-3.538975	-3.823915	-5.327490
0.402500	-3.552554	-3.839863	-5.362229
0.403000	-3.567871	-3.846337	-5.349281
0.403500	-3.589820	-3.857707	-5.365387
0.404000	-3.608611	-3.881077	-5.377388
0.404500	-3.632612	-3.887867	-5.401231
0.405000	-3.644613	-3.916921	-5.413864
0.405500	-3.655035	-3.913921	-5.402968
0.406000	-3.658035	-3.942028	-5.425075
0.406500	-3.686932	-3.967293	-5.453814
0.407000	-3.735567	-3.960661	-5.492185
0.407500	-3.712828	-3.971241	-5.523766
0.408000	-3.758779	-3.996032	-5.514134
0.408500	-3.773622	-4.002348	-5.543346
0.409000	-3.781043	-4.045298	-5.555505
0.409500	-3.807729	-4.031560	-5.579822
0.410000	-3.817204	-4.080985	-5.606508
0.410500	-3.857312	-4.080353	-5.620246
0.411000	-3.858575	-4.108776	-5.645669
0.411500	-3.877366	-4.122672	-5.637932
0.412000	-3.901683	-4.124725	-5.658617
0.412500	-3.921895	-4.140673	-5.689409
0.413000	-3.938949	-4.159464	-5.712147
0.413500	-3.955213	-4.179044	-5.725569
0.414000	-3.972267	-4.206362	-5.751939
0.414500	-3.996584	-4.205730	-5.746412
0.415000	-4.023428	-4.242996	-5.746097
0.415500	-4.019323	-4.245838	-5.802785
0.416000	-4.048851	-4.259734	-5.833734
0.416500	-3.919526	-4.289262	-1.925577
0.417000	-4.072853	-4.281525	-2.123274
0.417500	-4.084222	-4.339476	-2.602517
0.418000	-4.146436	-4.330317	-2.959541
0.418500	-4.152279	-4.358740	-2.902853
0.419000	-4.178965	-4.346424	-2.744158
0.419500	-4.193650	-4.377847	-2.938382
0.420000	-4.192861	-4.410691	-3.050179
0.420500	-4.198703	-4.401217	-3.036915
0.421000	-4.224442	-4.443535	-2.986227
0.421500	-4.239285	-4.437535	-2.957962
0.422000	-4.262655	-4.472906	-3.005491
0.422500	-4.281130	-4.485380	-3.080181
0.423000	-4.288078	-4.485380	-3.112709
0.423500	-4.310500	-4.531805	-3.079549
0.424000	-4.326922	-4.521067	-3.066127
0.424500	-4.337502	-4.558648	-3.079707
0.425000	-4.354714	-4.582176	-3.149343
0.425500	-4.382189	-4.603336	-3.152817
0.426000	-4.403664	-4.602230	-3.117920
0.426500	-4.406980	-4.614547	-3.139711
0.427000	-4.424034	-4.637127	-3.157396
0.427500	-4.439983	-4.639496	-3.202241
0.428000	-4.466511	-4.660339	-3.215505
0.428500	-4.465563	-4.666182	-3.193241
0.429000	-4.479143	-4.700290	-3.199241
0.429500	-4.482775	-4.698395	-3.221822
0.430000	-4.501408	-4.735345	-3.258456
0.430500	-4.511987	-4.751925	-3.291300
0.431000	-4.520514	-4.751135	-3.317039
0.431500	-4.542305	-4.778611	-3.300301
0.432000	-4.563938	-4.773084	-3.310880
0.432500	-4.566465	-4.793454	-3.313091
0.433000	-4.591098	-4.809086	-3.347830
0.433500	-4.600572	-4.822824	-3.357462
0.434000	-4.607678	-4.845562	-3.389359
0.434500	-4.634680	-4.834035	-3.395991
0.435000	-4.644786	-4.866564	-3.411308
0.435500	-4.646049	-4.880617	-3.464838
0.436000	-4.655681	-4.897040	-3.460890
0.436500	-4.680946	-4.908883	-3.472575
0.437000	-4.673682	-4.910777	-3.495630
0.437500	-4.688526	-4.949306	-3.482208
0.438000	-4.699737	-4.950727	-3.503999
0.438500	-4.720107	-4.981361	-3.524053
0.439000	-4.741424	-4.977413	-3.555476
0.439500	-4.769373	-4.992257	-3.572056
0.440000	-4.781216	-5.011995	-3.600795
0.440500	-4.768584	-5.011679	-3.617217
0.441000	-4.786269	-5.023996	-3.627481
0.441500	-4.814060	-5.038049	-3.642166
0.442000	-4.803323	-5.068367	-3.666009
0.442500	-4.830009	-5.102317	-3.701696
0.443000	-4.879275	-5.074999	-3.710065
0.443500	-4.845799	-4.441641	-3.730277
0.444000	-4.876749	-4.009138	-3.735804
0.444500	-4.884644	-3.871286	-3.763121
0.445000	-4.890171	-3.916763	-3.803861
0.445500	-4.914014	-3.869549	-3.799439
0.446000	-4.917804	-3.889288	-3.808440
0.446500	-4.918909	-3.903973	-3.831968
0.447000	-4.933279	-3.922290	-3.861023
0.447500	-4.948596	-3.939975	-3.855654
0.448000	-4.961544	-3.960977	-3.874602
0.448500	-4.971808	-3.968240	-3.904920
0.449000	-4.962176	-3.972977	-3.910289
0.449500	-4.976545	-3.963819	-3.954029
0.450000	-4.998652	-3.979767	-3.951976
0.450500	-5.020601	-4.017823	-3.968872
0.451000	-5.019337	-4.018770	-4.014033
0.451500	-5.035759	-4.060299	-4.004243
0.452000	-5.043023	-4.047193	-4.034561
0.452500	-5.048076	-4.051299	-4.028244
0.453000	-5.051708	-4.067879	-4.043087
0.453500	-5.084236	-4.091407	-4.071984
0.454000	-5.090395	-4.095828	-4.087459
0.454500	-5.098922	-4.101670	-4.107987
0.455000	-5.110291	-4.121724	-4.102776
0.455500	-5.115344	-4.142568	-4.135462
0.456000	-5.138082	-4.166569	-4.161674
0.456500	-5.164452	-4.173991	-4.175254
0.457000	-5.154346	-4.177939	-4.203046
0.457500	-5.183401	-4.192624	-4.190413
0.458000	-5.192559	-4.209362	-4.214099
0.458500	-5.222088	-4.222942	-4.235100
0.459000	-5.212771	-4.246785	-4.248049
0.459500	-5.244826	-4.254839	-4.274261
0.460000	-4.725160	-4.279156	-4.296683
0.460500	-3.043783	-4.289262	-4.309000
0.461000	-3.038573	-4.322896	-4.326370
0.461500	-2.868982	-4.309316	-4.327475
0.462000	-3.039520	-4.327317	-4.347055
0.462500	-3.102998	-4.368215	-4.365530
0.463000	-3.013781	-4.354951	-4.385268
0.463500	-3.043783	-4.419060	-4.385268
0.464000	-3.029572	-4.382426	-4.394427
0.464500	-3.023729	-4.433272	-4.386058
0.465000	-3.037625	-4.432166	-4.418586
0.465500	-3.035257	-4.460116	-4.425534
0.466000	-3.062732	-4.477169	-4.455062
0.466500	-3.049784	-4.471958	-4.466590
0.467000	-3.055942	-4.507645	-4.469274
0.467500	-3.088471	-4.498487	-4.499434
0.468000	-3.083891	-4.531962	-4.515856
0.468500	-3.103787	-4.540489	-4.531489
0.469000	-3.101735	-4.558648	-4.548700
0.469500	-3.111051	-4.569070	-4.552806
0.470000	-3.102050	-4.579650	-4.558017
0.470500	-3.121789	-4.608704	-4.585176
0.471000	-3.144527	-4.613757	-4.591493
0.471500	-3.134263	-4.658129	-4.625600
0.472000	-3.148633	-4.650707	-4.606967
0.472500	-3.196794	-4.669182	-4.621495
0.473000	-3.184319	-4.690815	-4.631443
0.473500	-3.178161	-4.705974	-4.636180
0.474000	-3.204373	-4.711027	-4.668708
0.474500	-3.211005	-4.729818	-4.672656
0.475000	-3.231059	-4.750661	-4.663971
0.475500	-3.248113	-4.756662	-4.677235
0.476000	-3.288063	-4.774505	-4.712132
0.476500	-3.292958	-4.795191	-4.721291
0.477000	-3.308749	-4.793454	-4.726818
0.477500	-3.345856	-4.635864	-4.750819
0.478000	-3.323434	-3.780333	-4.755714
0.478500	-3.325960	-3.601900	-4.762662
0.479000	-3.340645	-3.753173	-4.773242
0.479500	-3.358173	-3.694906	-4.782242
0.480000	-3.352962	-3.767858	-4.805770
0.480500	-3.376016	-3.743541	-4.800244
0.481000	-3.397649	-3.741646	-4.816508
0.481500	-3.414229	-3.765806	-4.836088
0.482000	-3.426704	-3.720013	-4.846510
0.482500	-3.440915	-3.765806	-4.872722
0.483000	-3.460654	-3.753647	-4.875564
0.483500	-3.470444	-3.794702	-4.892618
0.484000	-3.484024	-3.792807	-4.916146
0.484500	-3.507551	-3.804019	-4.922304
0.485000	-3.525553	-3.828336	-4.917725
0.485500	-3.534869	-3.796597	-4.942516
0.486000	-3.544185	-3.848548	-4.966044
0.486500	-3.571187	-3.822652	-4.976782
0.487000	-3.581135	-3.861654	-5.000468
0.487500	-3.583346	-3.870813	-5.019574
0.488000	-3.607190	-3.853601	-5.030943
0.488500	-3.604979	-3.889130	-5.041997
0.489000	-3.640034	-3.879971	-5.050524
0.489500	-3.634665	-3.918658	-5.056050
0.490000	-3.638455	-3.911868	-5.076894
0.490500	-3.654088	-3.924974	-5.087158
0.491000	-3.657719	-3.946449	-5.107527
0.491500	-3.688669	-3.946291	-5.114475
0.492000	-3.722461	-3.976767	-5.147320
0.492500	-3.709670	-3.960029	-5.127739
0.493000	-3.728619	-3.990189	-5.145109
0.493500	-3.734619	-4.004401	-5.168637
0.494000	-3.770780	-3.993979	-5.185375
0.494500	-3.760200	-4.043403	-5.201007
0.495000	-3.806624	-4.018612	-5.202113
0.495500	-3.795255	-4.052878	-5.208903
0.496000	-3.810256	-4.046246	-5.217272
0.496500	-3.827468	-4.056036	-5.238273
0.497000	-3.823362	-4.113987	-5.242221
0.497500	-3.856049	-4.087143	-5.253590
0.498000	-3.865049	-4.147305	-5.293698
0.498500	-3.857628	-4.112566	-5.278539
0.499000	-3.878629	-4.133094	-5.289276
0.499500	-3.889367	-4.164675	-5.319121
